Filename,Benign,Malware
00017652051bf9e79dbc2ac3fef45556a5309ad1d46955c5aaa3b0ecd6abd346,1.9038066966459155e-05,0.9999809265136719
0000d9ab1988f4483468c140517b88c3814879e4d65e000cba0a88313a8df84d,0.9051570296287537,0.09484294801950455
0036bee8b55a6219cefa078a0302b54a13c4b9ff2d2825411ac0622f5033e4cd,0.9821701049804688,0.01782989129424095
00561e20f21ce84517940bcf1341105277a366e2ce95551eb2b7777bd87ab950,1.9038066966459155e-05,0.9999809265136719
